{
  "project_info": {
    "project_number": "1002998992320",
    "firebase_url": "https://ukkfirebaseproject-d33df.firebaseio.com",
    "project_id": "ukkfirebaseproject-d33df",
    "storage_bucket": "ukkfirebaseproject-d33df.appspot.com"
  },
  "client": [
    {
      "client_info": {
        "mobilesdk_app_id": "1:1002998992320:android:108d8902bf7d83735f0c25",
        "android_client_info": {
          "package_name": "com.example.ukk"
        }
      },
      "oauth_client": [
        {
          "client_id": "1002998992320-brlbelitt81rtm09mqeusmqf339t83dn.apps.googleusercontent.com",
          "client_type": 1,
          "android_info": {
            "package_name": "com.example.ukk",
            "certificate_hash": "dfc747c26931160827e9eb978e0e36e301cc5983"
          }
        },
        {
          "client_id": "1002998992320-f8rkshbctbqjlf8654p7mt3htqld8pnj.apps.googleusercontent.com",
          "client_type": 3
        }
      ],
      "api_key": [
        {
          "current_key": "AIzaSyAYJPaohm-p3STWwmVyZbjsGNwadUAxQ24"
        }
      ],
      "services": {
        "appinvite_service": {
          "other_platform_oauth_client": [
            {
              "client_id": "1002998992320-f8rkshbctbqjlf8654p7mt3htqld8pnj.apps.googleusercontent.com",
              "client_type": 3
            }
          ]
        }
      }
    }
  ],
  "configuration_version": "1"
}